{
"Hi":"*💖HI*... *How are You..!*",
"Good Morning":"*Good Morning 🌅*",
"Good Night":"*Good Night..🌉*",
"Bye":"*Bye bye....*",
"Aslam o Alykum":"> *walykum salam ❤‍🔥🤌🏻*",
"Owner":"*pkdriller 🇰🇪*",
"pkdriller":"how can i help you?..🐵",
"Sc":"*Yeah Lain Broo Enjoy Karo🌚*",
"Repo":"*here is my repo🙈*",
"Hello":"*wassup.🤍*",
"Ok":"*Ok Mere Jaan*",
"Hmm":"> *Hamm.🌚*", 
"lanat":"*Lakhhhhhhhhhh Di Lanat 🙌😂*",
"uff":"*💋 Hyee*",
"love":"*Luv you two² 💗😁*"
}
